ID,date,obs
1,2023-02-28,N
2,2023-02-28,N
3,2023-02-28,N
4,2023-02-28,N
5,2023-02-28,N
6,2023-02-28,N
7,2023-02-28,N
8,2023-02-28,N
9,2023-02-28,N
10,2023-02-28,N
11,2023-02-28,N
12,2023-02-28,N
13,2023-02-28,N
14,2023-02-28,N
15,2023-02-28,N
16,2023-02-28,N
17,2023-02-28,N
18,2023-02-28,N
19,2023-02-28,N
20,2023-02-28,N
21,2023-02-28,N
22,2023-02-28,F
23,2023-02-28,N
24,2023-02-28,N
25,2023-02-28,N
26,2023-02-28,N
27,2023-02-28,N
28,2023-02-28,N
29,2023-02-28,F
30,2023-02-28,N
31,2023-02-28,N
32,2023-02-28,N
33,2023-02-28,N
34,2023-02-28,N
35,2023-02-28,N
36,2023-02-28,N
37,2023-02-28,N
38,2023-02-28,N
39,2023-02-28,N
40,2023-02-28,N
41,2023-02-28,N
42,2023-02-28,N
43,2023-02-28,N
44,2023-02-28,N
45,2023-02-28,N
46,2023-02-28,N
47,2023-02-28,N
48,2023-02-28,N
49,2023-02-28,N
50,2023-02-28,N
51,2023-02-28,N
52,2023-02-28,N
53,2023-02-28,N
54,2023-02-28,N
55,2023-02-28,N
56,2023-02-28,N
57,2023-02-28,N
58,2023-02-28,N
59,2023-02-28,N
60,2023-02-28,N
61,2023-02-28,N
62,2023-02-28,N
63,2023-02-28,N
64,2023-02-28,N
65,2023-02-28,N
66,2023-02-28,N
67,2023-02-28,N
68,2023-02-28,N
69,2023-02-28,N
70,2023-02-28,N
71,2023-02-28,N
72,2023-02-28,N
73,2023-02-28,N
74,2023-02-28,N
75,2023-02-28,N
76,2023-02-28,N
77,2023-02-28,N
78,2023-02-28,N
79,2023-02-28,N
80,2023-02-28,N
81,2023-02-28,N
82,2023-02-28,N
83,2023-02-28,N
84,2023-02-28,N
85,2023-02-28,N
86,2023-02-28,N
87,2023-02-28,N
88,2023-02-28,N
89,2023-02-28,N
90,2023-02-28,N
91,2023-02-28,N
92,2023-02-28,N
93,2023-02-28,N
94,2023-02-28,N
95,2023-02-28,N
96,2023-02-28,N
97,2023-02-28,N
98,2023-02-28,N
99,2023-02-28,N
100,2023-02-28,N
101,2023-02-28,N
102,2023-02-28,N
103,2023-02-28,N
104,2023-02-28,N
105,2023-02-28,N
106,2023-02-28,N
107,2023-02-28,N
108,2023-02-28,N
109,2023-02-28,N
110,2023-02-28,N
111,2023-02-28,N
112,2023-02-28,N
113,2023-02-28,N
114,2023-02-28,N
115,2023-02-28,N
1,2023-03-01,N
2,2023-03-01,N
3,2023-03-01,N
4,2023-03-01,N
5,2023-03-01,N
6,2023-03-01,N
7,2023-03-01,N
8,2023-03-01,N
9,2023-03-01,N
10,2023-03-01,N
11,2023-03-01,N
12,2023-03-01,N
13,2023-03-01,N
14,2023-03-01,N
15,2023-03-01,N
16,2023-03-01,N
17,2023-03-01,N
18,2023-03-01,N
19,2023-03-01,N
20,2023-03-01,N
21,2023-03-01,N
22,2023-03-01,N
23,2023-03-01,N
24,2023-03-01,F
25,2023-03-01,N
26,2023-03-01,N
27,2023-03-01,N
28,2023-03-01,N
29,2023-03-01,N
30,2023-03-01,N
31,2023-03-01,N
32,2023-03-01,N
33,2023-03-01,N
34,2023-03-01,N
35,2023-03-01,N
36,2023-03-01,N
37,2023-03-01,N
38,2023-03-01,N
39,2023-03-01,N
40,2023-03-01,N
41,2023-03-01,N
42,2023-03-01,N
43,2023-03-01,N
44,2023-03-01,N
45,2023-03-01,N
46,2023-03-01,N
47,2023-03-01,F
48,2023-03-01,N
49,2023-03-01,N
50,2023-03-01,N
51,2023-03-01,N
52,2023-03-01,N
53,2023-03-01,N
54,2023-03-01,N
55,2023-03-01,N
56,2023-03-01,N
57,2023-03-01,N
58,2023-03-01,N
59,2023-03-01,N
60,2023-03-01,N
61,2023-03-01,N
62,2023-03-01,N
63,2023-03-01,N
64,2023-03-01,N
65,2023-03-01,N
66,2023-03-01,N
67,2023-03-01,N
68,2023-03-01,N
69,2023-03-01,N
70,2023-03-01,N
71,2023-03-01,N
72,2023-03-01,N
73,2023-03-01,F
74,2023-03-01,N
75,2023-03-01,N
76,2023-03-01,N
77,2023-03-01,N
78,2023-03-01,F
79,2023-03-01,N
80,2023-03-01,N
81,2023-03-01,N
82,2023-03-01,N
83,2023-03-01,F
84,2023-03-01,N
85,2023-03-01,N
86,2023-03-01,N
87,2023-03-01,N
88,2023-03-01,N
89,2023-03-01,N
90,2023-03-01,N
91,2023-03-01,N
92,2023-03-01,N
93,2023-03-01,N
94,2023-03-01,N
95,2023-03-01,N
96,2023-03-01,N
97,2023-03-01,N
98,2023-03-01,N
99,2023-03-01,N
100,2023-03-01,N
101,2023-03-01,N
102,2023-03-01,N
103,2023-03-01,N
104,2023-03-01,N
105,2023-03-01,N
106,2023-03-01,N
107,2023-03-01,N
108,2023-03-01,N
109,2023-03-01,N
110,2023-03-01,ND
111,2023-03-01,N
112,2023-03-01,N
113,2023-03-01,N
114,2023-03-01,N
115,2023-03-01,N
1,2023-03-02,F
2,2023-03-02,F
3,2023-03-02,F
4,2023-03-02,F
5,2023-03-02,F
6,2023-03-02,F
7,2023-03-02,F
8,2023-03-02,F
9,2023-03-02,F
10,2023-03-02,F
11,2023-03-02,F
12,2023-03-02,F
13,2023-03-02,F
14,2023-03-02,F
15,2023-03-02,F
16,2023-03-02,F
17,2023-03-02,F
18,2023-03-02,F
19,2023-03-02,F
20,2023-03-02,F
21,2023-03-02,F
22,2023-03-02,F
23,2023-03-02,F
24,2023-03-02,F
25,2023-03-02,F
26,2023-03-02,F
27,2023-03-02,F
28,2023-03-02,F
29,2023-03-02,F
30,2023-03-02,F
31,2023-03-02,F
32,2023-03-02,N
33,2023-03-02,F
34,2023-03-02,N
35,2023-03-02,F
36,2023-03-02,F
37,2023-03-02,F
38,2023-03-02,F
39,2023-03-02,F
40,2023-03-02,F
41,2023-03-02,F
42,2023-03-02,F
43,2023-03-02,F
44,2023-03-02,F
45,2023-03-02,F
46,2023-03-02,F
47,2023-03-02,F
48,2023-03-02,F
49,2023-03-02,F
50,2023-03-02,F
51,2023-03-02,F
52,2023-03-02,F
53,2023-03-02,F
54,2023-03-02,F
55,2023-03-02,F
56,2023-03-02,F
57,2023-03-02,F
58,2023-03-02,N
59,2023-03-02,N
60,2023-03-02,F
61,2023-03-02,F
62,2023-03-02,F
63,2023-03-02,F
64,2023-03-02,F
65,2023-03-02,F
66,2023-03-02,N
67,2023-03-02,F
68,2023-03-02,F
69,2023-03-02,F
70,2023-03-02,N
71,2023-03-02,F
72,2023-03-02,N
73,2023-03-02,N
74,2023-03-02,F
75,2023-03-02,F
76,2023-03-02,F
77,2023-03-02,N
78,2023-03-02,F
79,2023-03-02,F
80,2023-03-02,F
81,2023-03-02,N
82,2023-03-02,F
83,2023-03-02,N
84,2023-03-02,F
85,2023-03-02,F
86,2023-03-02,F
87,2023-03-02,F
88,2023-03-02,F
89,2023-03-02,N
90,2023-03-02,F
91,2023-03-02,F
92,2023-03-02,N
93,2023-03-02,F
94,2023-03-02,F
95,2023-03-02,F
96,2023-03-02,N
97,2023-03-02,F
98,2023-03-02,F
99,2023-03-02,F
100,2023-03-02,F
101,2023-03-02,F
102,2023-03-02,N
103,2023-03-02,F
104,2023-03-02,F
105,2023-03-02,F
106,2023-03-02,F
107,2023-03-02,N
108,2023-03-02,F
109,2023-03-02,N
110,2023-03-02,-
111,2023-03-02,F
112,2023-03-02,F
113,2023-03-02,F
114,2023-03-02,F
115,2023-03-02,F
1,2023-03-03,F
2,2023-03-03,F
3,2023-03-03,F
4,2023-03-03,F
5,2023-03-03,F
6,2023-03-03,N
7,2023-03-03,F
8,2023-03-03,F
9,2023-03-03,F
10,2023-03-03,F
11,2023-03-03,F
12,2023-03-03,F
13,2023-03-03,N
14,2023-03-03,F
15,2023-03-03,F
16,2023-03-03,N
17,2023-03-03,N
18,2023-03-03,F
19,2023-03-03,F
20,2023-03-03,F
21,2023-03-03,F
22,2023-03-03,F
23,2023-03-03,F
24,2023-03-03,F
25,2023-03-03,N
26,2023-03-03,F
27,2023-03-03,N
28,2023-03-03,F
29,2023-03-03,F
30,2023-03-03,F
31,2023-03-03,F
32,2023-03-03,N
33,2023-03-03,F
34,2023-03-03,N
35,2023-03-03,F
36,2023-03-03,F
37,2023-03-03,F
38,2023-03-03,F
39,2023-03-03,F
40,2023-03-03,F
41,2023-03-03,F
42,2023-03-03,F
43,2023-03-03,F
44,2023-03-03,F
45,2023-03-03,F
46,2023-03-03,F
47,2023-03-03,F
48,2023-03-03,F
49,2023-03-03,N
50,2023-03-03,F
51,2023-03-03,F
52,2023-03-03,F
53,2023-03-03,F
54,2023-03-03,F
55,2023-03-03,F
56,2023-03-03,F
57,2023-03-03,F
58,2023-03-03,F
59,2023-03-03,N
60,2023-03-03,F
61,2023-03-03,F
62,2023-03-03,F
63,2023-03-03,F
64,2023-03-03,F
65,2023-03-03,F
66,2023-03-03,N
67,2023-03-03,F
68,2023-03-03,F
69,2023-03-03,F
70,2023-03-03,N
71,2023-03-03,F
72,2023-03-03,N
73,2023-03-03,F
74,2023-03-03,F
75,2023-03-03,F
76,2023-03-03,F
77,2023-03-03,N
78,2023-03-03,F
79,2023-03-03,F
80,2023-03-03,F
81,2023-03-03,N
82,2023-03-03,F
83,2023-03-03,F
84,2023-03-03,F
85,2023-03-03,F
86,2023-03-03,F
87,2023-03-03,F
88,2023-03-03,F
89,2023-03-03,N
90,2023-03-03,F
91,2023-03-03,ND
92,2023-03-03,N
93,2023-03-03,F
94,2023-03-03,F
95,2023-03-03,F
96,2023-03-03,F
97,2023-03-03,M
98,2023-03-03,F
99,2023-03-03,F
100,2023-03-03,F
101,2023-03-03,F
102,2023-03-03,N
103,2023-03-03,F
104,2023-03-03,F
105,2023-03-03,F
106,2023-03-03,F
107,2023-03-03,ND
108,2023-03-03,F
109,2023-03-03,N
110,2023-03-03,-
111,2023-03-03,F
112,2023-03-03,F
113,2023-03-03,F
114,2023-03-03,F
115,2023-03-03,F
1,2023-03-04,
2,2023-03-04,
3,2023-03-04,
4,2023-03-04,
5,2023-03-04,
6,2023-03-04,
7,2023-03-04,
8,2023-03-04,
9,2023-03-04,
10,2023-03-04,
11,2023-03-04,
12,2023-03-04,
13,2023-03-04,
14,2023-03-04,
15,2023-03-04,
16,2023-03-04,
17,2023-03-04,
18,2023-03-04,
19,2023-03-04,
20,2023-03-04,
21,2023-03-04,
22,2023-03-04,
23,2023-03-04,
24,2023-03-04,
25,2023-03-04,
26,2023-03-04,
27,2023-03-04,
28,2023-03-04,
29,2023-03-04,N
30,2023-03-04,F
31,2023-03-04,N
32,2023-03-04,N
33,2023-03-04,N
34,2023-03-04,N
35,2023-03-04,N
36,2023-03-04,F
37,2023-03-04,F
38,2023-03-04,N
39,2023-03-04,N
40,2023-03-04,F
41,2023-03-04,F
42,2023-03-04,N
43,2023-03-04,F
44,2023-03-04,N
45,2023-03-04,N
46,2023-03-04,N
47,2023-03-04,F
48,2023-03-04,F
49,2023-03-04,N
50,2023-03-04,F
51,2023-03-04,F
52,2023-03-04,F
53,2023-03-04,F
54,2023-03-04,N
55,2023-03-04,F
56,2023-03-04,F
57,2023-03-04,F
58,2023-03-04,M
59,2023-03-04,N
60,2023-03-04,F
61,2023-03-04,F
62,2023-03-04,F
63,2023-03-04,F
64,2023-03-04,F
65,2023-03-04,F
66,2023-03-04,N
67,2023-03-04,F
68,2023-03-04,F
69,2023-03-04,F
70,2023-03-04,N
71,2023-03-04,F
72,2023-03-04,N
73,2023-03-04,F
74,2023-03-04,F
75,2023-03-04,F
76,2023-03-04,F
77,2023-03-04,N
78,2023-03-04,F
79,2023-03-04,F
80,2023-03-04,M
81,2023-03-04,M
82,2023-03-04,F
83,2023-03-04,F
84,2023-03-04,M
85,2023-03-04,F
86,2023-03-04,F
87,2023-03-04,N
88,2023-03-04,N
89,2023-03-04,ND
90,2023-03-04,N
91,2023-03-04,-
92,2023-03-04,N
93,2023-03-04,N
94,2023-03-04,F
95,2023-03-04,F
96,2023-03-04,N
97,2023-03-04,-
98,2023-03-04,N
99,2023-03-04,N
100,2023-03-04,N
101,2023-03-04,N
102,2023-03-04,ND
103,2023-03-04,F
104,2023-03-04,F
105,2023-03-04,N
106,2023-03-04,N
107,2023-03-04,-
108,2023-03-04,N
109,2023-03-04,N
110,2023-03-04,-
111,2023-03-04,N
112,2023-03-04,F
113,2023-03-04,F
114,2023-03-04,N
115,2023-03-04,N
1,2023-03-05,N
2,2023-03-05,N
3,2023-03-05,N
4,2023-03-05,N
5,2023-03-05,F
6,2023-03-05,N
7,2023-03-05,N
8,2023-03-05,N
9,2023-03-05,N
10,2023-03-05,N
11,2023-03-05,F
12,2023-03-05,N
13,2023-03-05,N
14,2023-03-05,N
15,2023-03-05,N
16,2023-03-05,N
17,2023-03-05,N
18,2023-03-05,N
19,2023-03-05,N
20,2023-03-05,F
21,2023-03-05,N
22,2023-03-05,N
23,2023-03-05,N
24,2023-03-05,N
25,2023-03-05,N
26,2023-03-05,N
27,2023-03-05,N
28,2023-03-05,N
29,2023-03-05,
30,2023-03-05,
31,2023-03-05,
32,2023-03-05,
33,2023-03-05,
34,2023-03-05,
35,2023-03-05,
36,2023-03-05,
37,2023-03-05,
38,2023-03-05,
39,2023-03-05,
40,2023-03-05,
41,2023-03-05,
42,2023-03-05,
43,2023-03-05,
44,2023-03-05,
45,2023-03-05,
46,2023-03-05,
47,2023-03-05,
48,2023-03-05,
49,2023-03-05,
50,2023-03-05,
51,2023-03-05,
52,2023-03-05,
53,2023-03-05,
54,2023-03-05,
55,2023-03-05,
56,2023-03-05,
57,2023-03-05,
58,2023-03-05,-
59,2023-03-05,N
60,2023-03-05,F
61,2023-03-05,N
62,2023-03-05,N
63,2023-03-05,N
64,2023-03-05,N
65,2023-03-05,F
66,2023-03-05,N
67,2023-03-05,F
68,2023-03-05,F
69,2023-03-05,N
70,2023-03-05,N
71,2023-03-05,F
72,2023-03-05,N
73,2023-03-05,N
74,2023-03-05,N
75,2023-03-05,N
76,2023-03-05,F
77,2023-03-05,N
78,2023-03-05,N
79,2023-03-05,N
80,2023-03-05,-
81,2023-03-05,-
82,2023-03-05,F
83,2023-03-05,N
84,2023-03-05,-
85,2023-03-05,N
86,2023-03-05,N
87,2023-03-05,N
88,2023-03-05,N
89,2023-03-05,-
90,2023-03-05,F
91,2023-03-05,-
92,2023-03-05,N
93,2023-03-05,N
94,2023-03-05,N
95,2023-03-05,F
96,2023-03-05,N
97,2023-03-05,-
98,2023-03-05,N
99,2023-03-05,F
100,2023-03-05,N
101,2023-03-05,F
102,2023-03-05,-
103,2023-03-05,N
104,2023-03-05,M
105,2023-03-05,N
106,2023-03-05,N
107,2023-03-05,-
108,2023-03-05,N
109,2023-03-05,N
110,2023-03-05,-
111,2023-03-05,N
112,2023-03-05,N
113,2023-03-05,N
114,2023-03-05,F
115,2023-03-05,N
1,2023-03-06,F
2,2023-03-06,N
3,2023-03-06,N
4,2023-03-06,N
5,2023-03-06,N
6,2023-03-06,N
7,2023-03-06,N
8,2023-03-06,F
9,2023-03-06,N
10,2023-03-06,N
11,2023-03-06,F
12,2023-03-06,F
13,2023-03-06,N
14,2023-03-06,N
15,2023-03-06,N
16,2023-03-06,N
17,2023-03-06,N
18,2023-03-06,N
19,2023-03-06,N
20,2023-03-06,N
21,2023-03-06,F
22,2023-03-06,N
23,2023-03-06,N
24,2023-03-06,N
25,2023-03-06,N
26,2023-03-06,N
27,2023-03-06,N
28,2023-03-06,N
29,2023-03-06,N
30,2023-03-06,N
31,2023-03-06,N
32,2023-03-06,N
33,2023-03-06,F
34,2023-03-06,N
35,2023-03-06,N
36,2023-03-06,F
37,2023-03-06,F
38,2023-03-06,N
39,2023-03-06,N
40,2023-03-06,F
41,2023-03-06,N
42,2023-03-06,N
43,2023-03-06,N
44,2023-03-06,N
45,2023-03-06,N
46,2023-03-06,N
47,2023-03-06,N
48,2023-03-06,F
49,2023-03-06,N
50,2023-03-06,N
51,2023-03-06,F
52,2023-03-06,N
53,2023-03-06,N
54,2023-03-06,N
55,2023-03-06,N
56,2023-03-06,N
57,2023-03-06,F
58,2023-03-06,-
59,2023-03-06,
60,2023-03-06,
61,2023-03-06,
62,2023-03-06,
63,2023-03-06,
64,2023-03-06,
65,2023-03-06,
66,2023-03-06,
67,2023-03-06,
68,2023-03-06,
69,2023-03-06,
70,2023-03-06,ND
71,2023-03-06,
72,2023-03-06,
73,2023-03-06,
74,2023-03-06,
75,2023-03-06,
76,2023-03-06,
77,2023-03-06,
78,2023-03-06,
79,2023-03-06,
80,2023-03-06,-
81,2023-03-06,-
82,2023-03-06,
83,2023-03-06,
84,2023-03-06,-
85,2023-03-06,
86,2023-03-06,
87,2023-03-06,
88,2023-03-06,
89,2023-03-06,-
90,2023-03-06,
91,2023-03-06,-
92,2023-03-06,
93,2023-03-06,
94,2023-03-06,
95,2023-03-06,
96,2023-03-06,
97,2023-03-06,-
98,2023-03-06,
99,2023-03-06,
100,2023-03-06,
101,2023-03-06,
102,2023-03-06,-
103,2023-03-06,
104,2023-03-06,-
105,2023-03-06,
106,2023-03-06,
107,2023-03-06,-
108,2023-03-06,
109,2023-03-06,
110,2023-03-06,-
111,2023-03-06,
112,2023-03-06,
113,2023-03-06,
114,2023-03-06,
115,2023-03-06,
1,2023-03-07,N
2,2023-03-07,N
3,2023-03-07,N
4,2023-03-07,N
5,2023-03-07,N
6,2023-03-07,N
7,2023-03-07,N
8,2023-03-07,F
9,2023-03-07,F
10,2023-03-07,N
11,2023-03-07,N
12,2023-03-07,F
13,2023-03-07,N
14,2023-03-07,F
15,2023-03-07,N
16,2023-03-07,N
17,2023-03-07,N
18,2023-03-07,N
19,2023-03-07,F
20,2023-03-07,F
21,2023-03-07,N
22,2023-03-07,N
23,2023-03-07,F
24,2023-03-07,F
25,2023-03-07,N
26,2023-03-07,N
27,2023-03-07,N
28,2023-03-07,N
29,2023-03-07,N
30,2023-03-07,N
31,2023-03-07,N
32,2023-03-07,N
33,2023-03-07,N
34,2023-03-07,N
35,2023-03-07,N
36,2023-03-07,N
37,2023-03-07,F
38,2023-03-07,N
39,2023-03-07,N
40,2023-03-07,N
41,2023-03-07,N
42,2023-03-07,F
43,2023-03-07,N
44,2023-03-07,N
45,2023-03-07,N
46,2023-03-07,N
47,2023-03-07,N
48,2023-03-07,N
49,2023-03-07,N
50,2023-03-07,N
51,2023-03-07,N
52,2023-03-07,N
53,2023-03-07,N
54,2023-03-07,N
55,2023-03-07,F
56,2023-03-07,N
57,2023-03-07,F
58,2023-03-07,F
59,2023-03-07,N
60,2023-03-07,N
61,2023-03-07,N
62,2023-03-07,N
63,2023-03-07,N
64,2023-03-07,N
65,2023-03-07,N
66,2023-03-07,N
67,2023-03-07,N
68,2023-03-07,N
69,2023-03-07,N
70,2023-03-07,-
71,2023-03-07,N
72,2023-03-07,N
73,2023-03-07,N
74,2023-03-07,N
75,2023-03-07,N
76,2023-03-07,N
77,2023-03-07,N
78,2023-03-07,F
79,2023-03-07,N
80,2023-03-07,-
81,2023-03-07,-
82,2023-03-07,F
83,2023-03-07,N
84,2023-03-07,-
85,2023-03-07,F
86,2023-03-07,N
87,2023-03-07,N
88,2023-03-07,N
89,2023-03-07,-
90,2023-03-07,N
91,2023-03-07,-
92,2023-03-07,N
93,2023-03-07,N
94,2023-03-07,N
95,2023-03-07,N
96,2023-03-07,N
97,2023-03-07,-
98,2023-03-07,N
99,2023-03-07,F
100,2023-03-07,N
101,2023-03-07,F
102,2023-03-07,-
103,2023-03-07,N
104,2023-03-07,N
105,2023-03-07,N
106,2023-03-07,N
107,2023-03-07,-
108,2023-03-07,N
109,2023-03-07,N
110,2023-03-07,-
111,2023-03-07,N
112,2023-03-07,N
113,2023-03-07,N
114,2023-03-07,N
115,2023-03-07,N
1,2023-03-08,N
2,2023-03-08,N
3,2023-03-08,N
4,2023-03-08,N
5,2023-03-08,N
6,2023-03-08,N
7,2023-03-08,F
8,2023-03-08,N
9,2023-03-08,N
10,2023-03-08,N
11,2023-03-08,F
12,2023-03-08,N
13,2023-03-08,F
14,2023-03-08,N
15,2023-03-08,N
16,2023-03-08,N
17,2023-03-08,N
18,2023-03-08,F
19,2023-03-08,F
20,2023-03-08,N
21,2023-03-08,N
22,2023-03-08,N
23,2023-03-08,N
24,2023-03-08,N
25,2023-03-08,N
26,2023-03-08,N
27,2023-03-08,N
28,2023-03-08,N
29,2023-03-08,N
30,2023-03-08,N
31,2023-03-08,N
32,2023-03-08,N
33,2023-03-08,N
34,2023-03-08,N
35,2023-03-08,N
36,2023-03-08,F
37,2023-03-08,N
38,2023-03-08,N
39,2023-03-08,N
40,2023-03-08,N
41,2023-03-08,N
42,2023-03-08,N
43,2023-03-08,N
44,2023-03-08,N
45,2023-03-08,N
46,2023-03-08,N
47,2023-03-08,N
48,2023-03-08,N
49,2023-03-08,N
50,2023-03-08,N
51,2023-03-08,N
52,2023-03-08,N
53,2023-03-08,N
54,2023-03-08,N
55,2023-03-08,N
56,2023-03-08,N
57,2023-03-08,N
58,2023-03-08,N
59,2023-03-08,N
60,2023-03-08,N
61,2023-03-08,N
62,2023-03-08,N
63,2023-03-08,N
64,2023-03-08,N
65,2023-03-08,N
66,2023-03-08,N
67,2023-03-08,N
68,2023-03-08,F
69,2023-03-08,N
70,2023-03-08,-
71,2023-03-08,N
72,2023-03-08,N
73,2023-03-08,N
74,2023-03-08,N
75,2023-03-08,N
76,2023-03-08,N
77,2023-03-08,N
78,2023-03-08,N
79,2023-03-08,N
80,2023-03-08,-
81,2023-03-08,-
82,2023-03-08,F
83,2023-03-08,N
84,2023-03-08,-
85,2023-03-08,N
86,2023-03-08,N
87,2023-03-08,N
88,2023-03-08,N
89,2023-03-08,-
90,2023-03-08,N
91,2023-03-08,-
92,2023-03-08,N
93,2023-03-08,N
94,2023-03-08,N
95,2023-03-08,N
96,2023-03-08,N
97,2023-03-08,-
98,2023-03-08,N
99,2023-03-08,N
100,2023-03-08,N
101,2023-03-08,N
102,2023-03-08,-
103,2023-03-08,N
104,2023-03-08,N
105,2023-03-08,N
106,2023-03-08,N
107,2023-03-08,-
108,2023-03-08,N
109,2023-03-08,N
110,2023-03-08,-
111,2023-03-08,N
112,2023-03-08,N
113,2023-03-08,N
114,2023-03-08,N
115,2023-03-08,N
1,2023-03-09,F
2,2023-03-09,N
3,2023-03-09,N
4,2023-03-09,N
5,2023-03-09,N
6,2023-03-09,N
7,2023-03-09,N
8,2023-03-09,N
9,2023-03-09,N
10,2023-03-09,N
11,2023-03-09,N
12,2023-03-09,F
13,2023-03-09,N
14,2023-03-09,N
15,2023-03-09,N
16,2023-03-09,N
17,2023-03-09,ND
18,2023-03-09,N
19,2023-03-09,N
20,2023-03-09,N
21,2023-03-09,N
22,2023-03-09,N
23,2023-03-09,N
24,2023-03-09,N
25,2023-03-09,N
26,2023-03-09,N
27,2023-03-09,N
28,2023-03-09,N
29,2023-03-09,N
30,2023-03-09,N
31,2023-03-09,N
32,2023-03-09,N
33,2023-03-09,N
34,2023-03-09,N
35,2023-03-09,N
36,2023-03-09,N
37,2023-03-09,N
38,2023-03-09,N
39,2023-03-09,N
40,2023-03-09,N
41,2023-03-09,N
42,2023-03-09,N
43,2023-03-09,N
44,2023-03-09,N
45,2023-03-09,N
46,2023-03-09,N
47,2023-03-09,N
48,2023-03-09,N
49,2023-03-09,ND
50,2023-03-09,N
51,2023-03-09,F
52,2023-03-09,N
53,2023-03-09,N
54,2023-03-09,N
55,2023-03-09,N
56,2023-03-09,N
57,2023-03-09,F
58,2023-03-09,ND
59,2023-03-09,N
60,2023-03-09,N
61,2023-03-09,N
62,2023-03-09,N
63,2023-03-09,N
64,2023-03-09,N
65,2023-03-09,N
66,2023-03-09,N
67,2023-03-09,N
68,2023-03-09,N
69,2023-03-09,N
70,2023-03-09,-
71,2023-03-09,N
72,2023-03-09,N
73,2023-03-09,N
74,2023-03-09,N
75,2023-03-09,N
76,2023-03-09,N
77,2023-03-09,N
78,2023-03-09,N
79,2023-03-09,N
80,2023-03-09,-
81,2023-03-09,-
82,2023-03-09,N
83,2023-03-09,N
84,2023-03-09,-
85,2023-03-09,N
86,2023-03-09,N
87,2023-03-09,N
88,2023-03-09,N
89,2023-03-09,-
90,2023-03-09,N
91,2023-03-09,-
92,2023-03-09,N
93,2023-03-09,N
94,2023-03-09,N
95,2023-03-09,N
96,2023-03-09,N
97,2023-03-09,-
98,2023-03-09,N
99,2023-03-09,F
100,2023-03-09,N
101,2023-03-09,N
102,2023-03-09,-
103,2023-03-09,N
104,2023-03-09,N
105,2023-03-09,N
106,2023-03-09,N
107,2023-03-09,-
108,2023-03-09,N
109,2023-03-09,N
110,2023-03-09,-
111,2023-03-09,N
112,2023-03-09,N
113,2023-03-09,N
114,2023-03-09,N
115,2023-03-09,N
1,2023-03-10,N
2,2023-03-10,N
3,2023-03-10,N
4,2023-03-10,N
5,2023-03-10,N
6,2023-03-10,ND
7,2023-03-10,N
8,2023-03-10,N
9,2023-03-10,N
10,2023-03-10,N
11,2023-03-10,N
12,2023-03-10,N
13,2023-03-10,N
14,2023-03-10,N
15,2023-03-10,N
16,2023-03-10,N
17,2023-03-10,-
18,2023-03-10,N
19,2023-03-10,N
20,2023-03-10,N
21,2023-03-10,N
22,2023-03-10,N
23,2023-03-10,F
24,2023-03-10,N
25,2023-03-10,N
26,2023-03-10,N
27,2023-03-10,N
28,2023-03-10,N
29,2023-03-10,N
30,2023-03-10,N
31,2023-03-10,N
32,2023-03-10,N
33,2023-03-10,N
34,2023-03-10,N
35,2023-03-10,N
36,2023-03-10,N
37,2023-03-10,N
38,2023-03-10,N
39,2023-03-10,N
40,2023-03-10,N
41,2023-03-10,N
42,2023-03-10,N
43,2023-03-10,N
44,2023-03-10,N
45,2023-03-10,N
46,2023-03-10,N
47,2023-03-10,N
48,2023-03-10,N
49,2023-03-10,-
50,2023-03-10,1
51,2023-03-10,N
52,2023-03-10,N
53,2023-03-10,N
54,2023-03-10,N
55,2023-03-10,N
56,2023-03-10,N
57,2023-03-10,F
58,2023-03-10,-
59,2023-03-10,N
60,2023-03-10,N
61,2023-03-10,N
62,2023-03-10,N
63,2023-03-10,N
64,2023-03-10,N
65,2023-03-10,N
66,2023-03-10,ND
67,2023-03-10,N
68,2023-03-10,N
69,2023-03-10,N
70,2023-03-10,-
71,2023-03-10,N
72,2023-03-10,N
73,2023-03-10,N
74,2023-03-10,N
75,2023-03-10,N
76,2023-03-10,N
77,2023-03-10,N
78,2023-03-10,N
79,2023-03-10,ND
80,2023-03-10,-
81,2023-03-10,-
82,2023-03-10,F
83,2023-03-10,N
84,2023-03-10,-
85,2023-03-10,N
86,2023-03-10,N
87,2023-03-10,N
88,2023-03-10,N
89,2023-03-10,-
90,2023-03-10,N
91,2023-03-10,-
92,2023-03-10,N
93,2023-03-10,N
94,2023-03-10,N
95,2023-03-10,N
96,2023-03-10,N
97,2023-03-10,-
98,2023-03-10,N
99,2023-03-10,N
100,2023-03-10,F
101,2023-03-10,N
102,2023-03-10,-
103,2023-03-10,N
104,2023-03-10,N
105,2023-03-10,N
106,2023-03-10,N
107,2023-03-10,-
108,2023-03-10,N
109,2023-03-10,N
110,2023-03-10,-
111,2023-03-10,N
112,2023-03-10,N
113,2023-03-10,N
114,2023-03-10,N
115,2023-03-10,N
1,2023-03-11,N
2,2023-03-11,N
3,2023-03-11,N
4,2023-03-11,N
5,2023-03-11,N
6,2023-03-11,-
7,2023-03-11,N
8,2023-03-11,N
9,2023-03-11,N
10,2023-03-11,N
11,2023-03-11,N
12,2023-03-11,N
13,2023-03-11,N
14,2023-03-11,N
15,2023-03-11,N
16,2023-03-11,N
17,2023-03-11,-
18,2023-03-11,N
19,2023-03-11,N
20,2023-03-11,N
21,2023-03-11,N
22,2023-03-11,N
23,2023-03-11,F
24,2023-03-11,N
25,2023-03-11,N
26,2023-03-11,N
27,2023-03-11,N
28,2023-03-11,N
29,2023-03-11,N
30,2023-03-11,N
31,2023-03-11,N
32,2023-03-11,N
33,2023-03-11,N
34,2023-03-11,N
35,2023-03-11,N
36,2023-03-11,N
37,2023-03-11,N
38,2023-03-11,N
39,2023-03-11,N
40,2023-03-11,N
41,2023-03-11,N
42,2023-03-11,N
43,2023-03-11,N
44,2023-03-11,N
45,2023-03-11,N
46,2023-03-11,N
47,2023-03-11,N
48,2023-03-11,N
49,2023-03-11,-
50,2023-03-11,N
51,2023-03-11,N
52,2023-03-11,N
53,2023-03-11,N
54,2023-03-11,N
55,2023-03-11,N
56,2023-03-11,N
57,2023-03-11,N
58,2023-03-11,-
59,2023-03-11,N
60,2023-03-11,N
61,2023-03-11,N
62,2023-03-11,N
63,2023-03-11,N
64,2023-03-11,N
65,2023-03-11,N
66,2023-03-11,-
67,2023-03-11,N
68,2023-03-11,N
69,2023-03-11,N
70,2023-03-11,-
71,2023-03-11,N
72,2023-03-11,N
73,2023-03-11,N
74,2023-03-11,N
75,2023-03-11,N
76,2023-03-11,N
77,2023-03-11,F
78,2023-03-11,N
79,2023-03-11,-
80,2023-03-11,-
81,2023-03-11,-
82,2023-03-11,N
83,2023-03-11,N
84,2023-03-11,-
85,2023-03-11,N
86,2023-03-11,N
87,2023-03-11,N
88,2023-03-11,N
89,2023-03-11,-
90,2023-03-11,N
91,2023-03-11,-
92,2023-03-11,N
93,2023-03-11,N
94,2023-03-11,N
95,2023-03-11,N
96,2023-03-11,N
97,2023-03-11,-
98,2023-03-11,N
99,2023-03-11,N
100,2023-03-11,F
101,2023-03-11,N
102,2023-03-11,-
103,2023-03-11,N
104,2023-03-11,N
105,2023-03-11,N
106,2023-03-11,N
107,2023-03-11,-
108,2023-03-11,N
109,2023-03-11,N
110,2023-03-11,-
111,2023-03-11,N
112,2023-03-11,N
113,2023-03-11,N
114,2023-03-11,N
115,2023-03-11,N
1,2023-03-12,N
2,2023-03-12,N
3,2023-03-12,N
4,2023-03-12,N
5,2023-03-12,F
6,2023-03-12,-
7,2023-03-12,N
8,2023-03-12,N
9,2023-03-12,N
10,2023-03-12,N
11,2023-03-12,N
12,2023-03-12,N
13,2023-03-12,N
14,2023-03-12,N
15,2023-03-12,N
16,2023-03-12,N
17,2023-03-12,-
18,2023-03-12,N
19,2023-03-12,N
20,2023-03-12,N
21,2023-03-12,N
22,2023-03-12,N
23,2023-03-12,F
24,2023-03-12,N
25,2023-03-12,N
26,2023-03-12,N
27,2023-03-12,N
28,2023-03-12,N
29,2023-03-12,N
30,2023-03-12,N
31,2023-03-12,N
32,2023-03-12,N
33,2023-03-12,N
34,2023-03-12,N
35,2023-03-12,N
36,2023-03-12,N
37,2023-03-12,N
38,2023-03-12,N
39,2023-03-12,N
40,2023-03-12,N
41,2023-03-12,N
42,2023-03-12,N
43,2023-03-12,N
44,2023-03-12,N
45,2023-03-12,N
46,2023-03-12,N
47,2023-03-12,N
48,2023-03-12,N
49,2023-03-12,-
50,2023-03-12,N
51,2023-03-12,F
52,2023-03-12,N
53,2023-03-12,N
54,2023-03-12,N
55,2023-03-12,N
56,2023-03-12,N
57,2023-03-12,N
58,2023-03-12,-
59,2023-03-12,M
60,2023-03-12,F
61,2023-03-12,N
62,2023-03-12,N
63,2023-03-12,F
64,2023-03-12,N
65,2023-03-12,N
66,2023-03-12,-
67,2023-03-12,N
68,2023-03-12,N
69,2023-03-12,N
70,2023-03-12,-
71,2023-03-12,F
72,2023-03-12,ND
73,2023-03-12,N
74,2023-03-12,N
75,2023-03-12,N
76,2023-03-12,N
77,2023-03-12,N
78,2023-03-12,N
79,2023-03-12,-
80,2023-03-12,-
81,2023-03-12,-
82,2023-03-12,N
83,2023-03-12,N
84,2023-03-12,-
85,2023-03-12,N
86,2023-03-12,N
87,2023-03-12,N
88,2023-03-12,N
89,2023-03-12,-
90,2023-03-12,N
91,2023-03-12,-
92,2023-03-12,N
93,2023-03-12,N
94,2023-03-12,N
95,2023-03-12,N
96,2023-03-12,N
97,2023-03-12,-
98,2023-03-12,N
99,2023-03-12,N
100,2023-03-12,N
101,2023-03-12,N
102,2023-03-12,-
103,2023-03-12,N
104,2023-03-12,N
105,2023-03-12,N
106,2023-03-12,N
107,2023-03-12,-
108,2023-03-12,N
109,2023-03-12,N
110,2023-03-12,-
111,2023-03-12,N
112,2023-03-12,N
113,2023-03-12,N
114,2023-03-12,N
115,2023-03-12,N
1,2023-03-13,F
2,2023-03-13,N
3,2023-03-13,N
4,2023-03-13,N
5,2023-03-13,N
6,2023-03-13,-
7,2023-03-13,N
8,2023-03-13,N
9,2023-03-13,N
10,2023-03-13,F
11,2023-03-13,N
12,2023-03-13,N
13,2023-03-13,N
14,2023-03-13,N
15,2023-03-13,N
16,2023-03-13,N
17,2023-03-13,-
18,2023-03-13,N
19,2023-03-13,N
20,2023-03-13,N
21,2023-03-13,N
22,2023-03-13,N
23,2023-03-13,
24,2023-03-13,
25,2023-03-13,
26,2023-03-13,
27,2023-03-13,ND
28,2023-03-13,
29,2023-03-13,
30,2023-03-13,
31,2023-03-13,
32,2023-03-13,
33,2023-03-13,F
34,2023-03-13,ND
35,2023-03-13,
36,2023-03-13,
37,2023-03-13,
38,2023-03-13,
39,2023-03-13,
40,2023-03-13,
41,2023-03-13,ND
42,2023-03-13,
43,2023-03-13,
44,2023-03-13,ND
45,2023-03-13,
46,2023-03-13,
47,2023-03-13,ND
48,2023-03-13,
49,2023-03-13,-
50,2023-03-13,
51,2023-03-13,
52,2023-03-13,
53,2023-03-13,
54,2023-03-13,
55,2023-03-13,
56,2023-03-13,
57,2023-03-13,
58,2023-03-13,-
59,2023-03-13,
60,2023-03-13,
61,2023-03-13,
62,2023-03-13,
63,2023-03-13,
64,2023-03-13,
65,2023-03-13,
66,2023-03-13,-
67,2023-03-13,
68,2023-03-13,
69,2023-03-13,
70,2023-03-13,-
71,2023-03-13,
72,2023-03-13,-
73,2023-03-13,
74,2023-03-13,
75,2023-03-13,
76,2023-03-13,
77,2023-03-13,ND
78,2023-03-13,
79,2023-03-13,-
80,2023-03-13,-
81,2023-03-13,-
82,2023-03-13,
83,2023-03-13,
84,2023-03-13,-
85,2023-03-13,
86,2023-03-13,
87,2023-03-13,
88,2023-03-13,
89,2023-03-13,-
90,2023-03-13,
91,2023-03-13,-
92,2023-03-13,
93,2023-03-13,
94,2023-03-13,
95,2023-03-13,
96,2023-03-13,
97,2023-03-13,-
98,2023-03-13,
99,2023-03-13,
100,2023-03-13,
101,2023-03-13,
102,2023-03-13,-
103,2023-03-13,
104,2023-03-13,
105,2023-03-13,
106,2023-03-13,
107,2023-03-13,-
108,2023-03-13,
109,2023-03-13,
110,2023-03-13,-
111,2023-03-13,
112,2023-03-13,
113,2023-03-13,
114,2023-03-13,
115,2023-03-13,
1,2023-03-14,
2,2023-03-14,
3,2023-03-14,
4,2023-03-14,
5,2023-03-14,
6,2023-03-14,-
7,2023-03-14,
8,2023-03-14,
9,2023-03-14,
10,2023-03-14,
11,2023-03-14,
12,2023-03-14,
13,2023-03-14,
14,2023-03-14,
15,2023-03-14,
16,2023-03-14,
17,2023-03-14,-
18,2023-03-14,
19,2023-03-14,
20,2023-03-14,
21,2023-03-14,
22,2023-03-14,
23,2023-03-14,
24,2023-03-14,
25,2023-03-14,
26,2023-03-14,
27,2023-03-14,-
28,2023-03-14,
29,2023-03-14,
30,2023-03-14,
31,2023-03-14,
32,2023-03-14,
33,2023-03-14,
34,2023-03-14,-
35,2023-03-14,
36,2023-03-14,
37,2023-03-14,
38,2023-03-14,
39,2023-03-14,
40,2023-03-14,
41,2023-03-14,-
42,2023-03-14,
43,2023-03-14,
44,2023-03-14,-
45,2023-03-14,
46,2023-03-14,
47,2023-03-14,-
48,2023-03-14,
49,2023-03-14,-
50,2023-03-14,
51,2023-03-14,
52,2023-03-14,
53,2023-03-14,
54,2023-03-14,
55,2023-03-14,
56,2023-03-14,
57,2023-03-14,
58,2023-03-14,-
59,2023-03-14,
60,2023-03-14,
61,2023-03-14,
62,2023-03-14,
63,2023-03-14,
64,2023-03-14,
65,2023-03-14,
66,2023-03-14,-
67,2023-03-14,
68,2023-03-14,
69,2023-03-14,
70,2023-03-14,-
71,2023-03-14,
72,2023-03-14,-
73,2023-03-14,
74,2023-03-14,
75,2023-03-14,
76,2023-03-14,
77,2023-03-14,-
78,2023-03-14,
79,2023-03-14,-
80,2023-03-14,-
81,2023-03-14,-
82,2023-03-14,
83,2023-03-14,
84,2023-03-14,-
85,2023-03-14,
86,2023-03-14,
87,2023-03-14,
88,2023-03-14,
89,2023-03-14,-
90,2023-03-14,
91,2023-03-14,-
92,2023-03-14,
93,2023-03-14,
94,2023-03-14,
95,2023-03-14,
96,2023-03-14,
97,2023-03-14,-
98,2023-03-14,
99,2023-03-14,
100,2023-03-14,
101,2023-03-14,
102,2023-03-14,-
103,2023-03-14,
104,2023-03-14,
105,2023-03-14,
106,2023-03-14,
107,2023-03-14,-
108,2023-03-14,
109,2023-03-14,
110,2023-03-14,-
111,2023-03-14,
112,2023-03-14,
113,2023-03-14,
114,2023-03-14,
115,2023-03-14,
1,2023-03-15,N
2,2023-03-15,N
3,2023-03-15,F
4,2023-03-15,N
5,2023-03-15,N
6,2023-03-15,-
7,2023-03-15,N
8,2023-03-15,N
9,2023-03-15,N
10,2023-03-15,N
11,2023-03-15,N
12,2023-03-15,N
13,2023-03-15,N
14,2023-03-15,N
15,2023-03-15,
16,2023-03-15,ND
17,2023-03-15,-
18,2023-03-15,ND
19,2023-03-15,N
20,2023-03-15,ND
21,2023-03-15,N
22,2023-03-15,N
23,2023-03-15,N
24,2023-03-15,N
25,2023-03-15,N
26,2023-03-15,N
27,2023-03-15,-
28,2023-03-15,N
29,2023-03-15,N
30,2023-03-15,N
31,2023-03-15,N
32,2023-03-15,N
33,2023-03-15,F
34,2023-03-15,-
35,2023-03-15,N
36,2023-03-15,N
37,2023-03-15,N
38,2023-03-15,N
39,2023-03-15,N
40,2023-03-15,N
41,2023-03-15,-
42,2023-03-15,N
43,2023-03-15,N
44,2023-03-15,-
45,2023-03-15,N
46,2023-03-15,N
47,2023-03-15,-
48,2023-03-15,N
49,2023-03-15,-
50,2023-03-15,N
51,2023-03-15,N
52,2023-03-15,N
53,2023-03-15,N
54,2023-03-15,N
55,2023-03-15,N
56,2023-03-15,N
57,2023-03-15,N
58,2023-03-15,-
59,2023-03-15,-
60,2023-03-15,N
61,2023-03-15,N
62,2023-03-15,N
63,2023-03-15,N
64,2023-03-15,N
65,2023-03-15,N
66,2023-03-15,-
67,2023-03-15,N
68,2023-03-15,N
69,2023-03-15,N
70,2023-03-15,-
71,2023-03-15,N
72,2023-03-15,-
73,2023-03-15,N
74,2023-03-15,N
75,2023-03-15,N
76,2023-03-15,N
77,2023-03-15,-
78,2023-03-15,N
79,2023-03-15,-
80,2023-03-15,-
81,2023-03-15,-
82,2023-03-15,N
83,2023-03-15,N
84,2023-03-15,-
85,2023-03-15,N
86,2023-03-15,N
87,2023-03-15,N
88,2023-03-15,N
89,2023-03-15,-
90,2023-03-15,N
91,2023-03-15,-
92,2023-03-15,N
93,2023-03-15,N
94,2023-03-15,N
95,2023-03-15,N
96,2023-03-15,N
97,2023-03-15,Found
98,2023-03-15,N
99,2023-03-15,N
100,2023-03-15,N
101,2023-03-15,N
102,2023-03-15,-
103,2023-03-15,N
104,2023-03-15,N
105,2023-03-15,N
106,2023-03-15,N
107,2023-03-15,-
108,2023-03-15,N
109,2023-03-15,N
110,2023-03-15,-
111,2023-03-15,N
112,2023-03-15,N
113,2023-03-15,N
114,2023-03-15,N
115,2023-03-15,N
1,2023-03-16,F
2,2023-03-16,N
3,2023-03-16,N
4,2023-03-16,N
5,2023-03-16,F
6,2023-03-16,-
7,2023-03-16,N
8,2023-03-16,N
9,2023-03-16,F
10,2023-03-16,N
11,2023-03-16,N
12,2023-03-16,N
13,2023-03-16,N
14,2023-03-16,N
15,2023-03-16,N
16,2023-03-16,-
17,2023-03-16,-
18,2023-03-16,-
19,2023-03-16,N
20,2023-03-16,-
21,2023-03-16,N
22,2023-03-16,N
23,2023-03-16,N
24,2023-03-16,N
25,2023-03-16,N
26,2023-03-16,N
27,2023-03-16,-
28,2023-03-16,N
29,2023-03-16,N
30,2023-03-16,F
31,2023-03-16,N
32,2023-03-16,N
33,2023-03-16,N
34,2023-03-16,-
35,2023-03-16,N
36,2023-03-16,N
37,2023-03-16,F
38,2023-03-16,N
39,2023-03-16,N
40,2023-03-16,N
41,2023-03-16,-
42,2023-03-16,N
43,2023-03-16,N
44,2023-03-16,-
45,2023-03-16,N
46,2023-03-16,N
47,2023-03-16,-
48,2023-03-16,N
49,2023-03-16,-
50,2023-03-16,N
51,2023-03-16,N
52,2023-03-16,N
53,2023-03-16,N
54,2023-03-16,N
55,2023-03-16,F
56,2023-03-16,N
57,2023-03-16,N
58,2023-03-16,-
59,2023-03-16,
60,2023-03-16,N
61,2023-03-16,N
62,2023-03-16,N
63,2023-03-16,N
64,2023-03-16,N
65,2023-03-16,N
66,2023-03-16,-
67,2023-03-16,N
68,2023-03-16,N
69,2023-03-16,N
70,2023-03-16,-
71,2023-03-16,N
72,2023-03-16,-
73,2023-03-16,N
74,2023-03-16,N
75,2023-03-16,N
76,2023-03-16,N
77,2023-03-16,-
78,2023-03-16,N
79,2023-03-16,-
80,2023-03-16,-
81,2023-03-16,-
82,2023-03-16,N
83,2023-03-16,N
84,2023-03-16,-
85,2023-03-16,N
86,2023-03-16,N
87,2023-03-16,F
88,2023-03-16,N
89,2023-03-16,-
90,2023-03-16,F
91,2023-03-16,-
92,2023-03-16,N
93,2023-03-16,N
94,2023-03-16,N
95,2023-03-16,N
96,2023-03-16,N
97,2023-03-16,N
98,2023-03-16,N
99,2023-03-16,N
100,2023-03-16,N
101,2023-03-16,N
102,2023-03-16,-
103,2023-03-16,N
104,2023-03-16,N
105,2023-03-16,N
106,2023-03-16,N
107,2023-03-16,-
108,2023-03-16,N
109,2023-03-16,N
110,2023-03-16,-
111,2023-03-16,N
112,2023-03-16,N
113,2023-03-16,N
114,2023-03-16,N
115,2023-03-16,N
1,2023-03-17,N
2,2023-03-17,N
3,2023-03-17,N
4,2023-03-17,N
5,2023-03-17,N
6,2023-03-17,
7,2023-03-17,N
8,2023-03-17,N
9,2023-03-17,N
10,2023-03-17,N
11,2023-03-17,N
12,2023-03-17,N
13,2023-03-17,N
14,2023-03-17,N
15,2023-03-17,N
16,2023-03-17,-
17,2023-03-17,
18,2023-03-17,-
19,2023-03-17,N
20,2023-03-17,-
21,2023-03-17,N
22,2023-03-17,N
23,2023-03-17,N
24,2023-03-17,N
25,2023-03-17,N
26,2023-03-17,N
27,2023-03-17,-
28,2023-03-17,N
29,2023-03-17,N
30,2023-03-17,N
31,2023-03-17,N
32,2023-03-17,N
33,2023-03-17,N
34,2023-03-17,-
35,2023-03-17,N
36,2023-03-17,N
37,2023-03-17,N
38,2023-03-17,N
39,2023-03-17,N
40,2023-03-17,N
41,2023-03-17,-
42,2023-03-17,N
43,2023-03-17,N
44,2023-03-17,-
45,2023-03-17,N
46,2023-03-17,N
47,2023-03-17,-
48,2023-03-17,N
49,2023-03-17,-
50,2023-03-17,N
51,2023-03-17,N
52,2023-03-17,N
53,2023-03-17,N
54,2023-03-17,N
55,2023-03-17,N
56,2023-03-17,N
57,2023-03-17,F
58,2023-03-17,-
59,2023-03-17,N
60,2023-03-17,N
61,2023-03-17,N
62,2023-03-17,N
63,2023-03-17,N
64,2023-03-17,N
65,2023-03-17,N
66,2023-03-17,-
67,2023-03-17,N
68,2023-03-17,N
69,2023-03-17,N
70,2023-03-17,-
71,2023-03-17,N
72,2023-03-17,-
73,2023-03-17,N
74,2023-03-17,N
75,2023-03-17,N
76,2023-03-17,N
77,2023-03-17,-
78,2023-03-17,N
79,2023-03-17,-
80,2023-03-17,-
81,2023-03-17,-
82,2023-03-17,N
83,2023-03-17,N
84,2023-03-17,-
85,2023-03-17,N
86,2023-03-17,N
87,2023-03-17,N
88,2023-03-17,N
89,2023-03-17,-
90,2023-03-17,N
91,2023-03-17,-
92,2023-03-17,N
93,2023-03-17,N
94,2023-03-17,F
95,2023-03-17,N
96,2023-03-17,N
97,2023-03-17,N
98,2023-03-17,N
99,2023-03-17,N
100,2023-03-17,F
101,2023-03-17,N
102,2023-03-17,-
103,2023-03-17,N
104,2023-03-17,N
105,2023-03-17,N
106,2023-03-17,N
107,2023-03-17,-
108,2023-03-17,N
109,2023-03-17,N
110,2023-03-17,-
111,2023-03-17,N
112,2023-03-17,N
113,2023-03-17,N
114,2023-03-17,N
115,2023-03-17,N
1,2023-03-18,N
2,2023-03-18,N
3,2023-03-18,N
4,2023-03-18,N
5,2023-03-18,N
6,2023-03-18,
7,2023-03-18,N
8,2023-03-18,N
9,2023-03-18,N
10,2023-03-18,N
11,2023-03-18,N
12,2023-03-18,N
13,2023-03-18,N
14,2023-03-18,N
15,2023-03-18,N
16,2023-03-18,-
17,2023-03-18,
18,2023-03-18,-
19,2023-03-18,N
20,2023-03-18,-
21,2023-03-18,N
22,2023-03-18,N
23,2023-03-18,N
24,2023-03-18,N
25,2023-03-18,ND
26,2023-03-18,N
27,2023-03-18,-
28,2023-03-18,N
29,2023-03-18,N
30,2023-03-18,N
31,2023-03-18,N
32,2023-03-18,N
33,2023-03-18,N
34,2023-03-18,-
35,2023-03-18,N
36,2023-03-18,N
37,2023-03-18,N
38,2023-03-18,N
39,2023-03-18,N
40,2023-03-18,N
41,2023-03-18,-
42,2023-03-18,N
43,2023-03-18,N
44,2023-03-18,-
45,2023-03-18,N
46,2023-03-18,N
47,2023-03-18,-
48,2023-03-18,N
49,2023-03-18,-
50,2023-03-18,N
51,2023-03-18,N
52,2023-03-18,N
53,2023-03-18,F
54,2023-03-18,N
55,2023-03-18,N
56,2023-03-18,N
57,2023-03-18,N
58,2023-03-18,-
59,2023-03-18,N
60,2023-03-18,N
61,2023-03-18,N
62,2023-03-18,N
63,2023-03-18,N
64,2023-03-18,N
65,2023-03-18,N
66,2023-03-18,-
67,2023-03-18,N
68,2023-03-18,N
69,2023-03-18,N
70,2023-03-18,-
71,2023-03-18,N
72,2023-03-18,-
73,2023-03-18,N
74,2023-03-18,N
75,2023-03-18,N
76,2023-03-18,N
77,2023-03-18,-
78,2023-03-18,N
79,2023-03-18,-
80,2023-03-18,-
81,2023-03-18,-
82,2023-03-18,N
83,2023-03-18,N
84,2023-03-18,-
85,2023-03-18,N
86,2023-03-18,N
87,2023-03-18,N
88,2023-03-18,N
89,2023-03-18,-
90,2023-03-18,N
91,2023-03-18,-
92,2023-03-18,N
93,2023-03-18,N
94,2023-03-18,N
95,2023-03-18,N
96,2023-03-18,N
97,2023-03-18,N
98,2023-03-18,N
99,2023-03-18,N
100,2023-03-18,N
101,2023-03-18,N
102,2023-03-18,-
103,2023-03-18,N
104,2023-03-18,N
105,2023-03-18,N
106,2023-03-18,N
107,2023-03-18,-
108,2023-03-18,N
109,2023-03-18,N
110,2023-03-18,-
111,2023-03-18,N
112,2023-03-18,N
113,2023-03-18,N
114,2023-03-18,N
115,2023-03-18,N
1,2023-03-19,N
2,2023-03-19,N
3,2023-03-19,N
4,2023-03-19,N
5,2023-03-19,N
6,2023-03-19,
7,2023-03-19,N
8,2023-03-19,N
9,2023-03-19,N
10,2023-03-19,N
11,2023-03-19,N
12,2023-03-19,N
13,2023-03-19,N
14,2023-03-19,N
15,2023-03-19,N
16,2023-03-19,-
17,2023-03-19,
18,2023-03-19,-
19,2023-03-19,N
20,2023-03-19,-
21,2023-03-19,N
22,2023-03-19,N
23,2023-03-19,N
24,2023-03-19,N
25,2023-03-19,-
26,2023-03-19,N
27,2023-03-19,-
28,2023-03-19,N
29,2023-03-19,N
30,2023-03-19,N
31,2023-03-19,N
32,2023-03-19,N
33,2023-03-19,N
34,2023-03-19,-
35,2023-03-19,N
36,2023-03-19,N
37,2023-03-19,N
38,2023-03-19,N
39,2023-03-19,N
40,2023-03-19,N
41,2023-03-19,-
42,2023-03-19,N
43,2023-03-19,N
44,2023-03-19,-
45,2023-03-19,N
46,2023-03-19,N
47,2023-03-19,-
48,2023-03-19,N
49,2023-03-19,-
50,2023-03-19,N
51,2023-03-19,N
52,2023-03-19,N
53,2023-03-19,N
54,2023-03-19,N
55,2023-03-19,N
56,2023-03-19,N
57,2023-03-19,N
58,2023-03-19,-
59,2023-03-19,N
60,2023-03-19,N
61,2023-03-19,N
62,2023-03-19,N
63,2023-03-19,N
64,2023-03-19,N
65,2023-03-19,N
66,2023-03-19,-
67,2023-03-19,N
68,2023-03-19,N
69,2023-03-19,N
70,2023-03-19,-
71,2023-03-19,N
72,2023-03-19,-
73,2023-03-19,N
74,2023-03-19,N
75,2023-03-19,N
76,2023-03-19,N
77,2023-03-19,-
78,2023-03-19,N
79,2023-03-19,-
80,2023-03-19,-
81,2023-03-19,-
82,2023-03-19,N
83,2023-03-19,N
84,2023-03-19,-
85,2023-03-19,N
86,2023-03-19,N
87,2023-03-19,N
88,2023-03-19,N
89,2023-03-19,-
90,2023-03-19,N
91,2023-03-19,-
92,2023-03-19,N
93,2023-03-19,N
94,2023-03-19,N
95,2023-03-19,F
96,2023-03-19,N
97,2023-03-19,N
98,2023-03-19,N
99,2023-03-19,N
100,2023-03-19,N
101,2023-03-19,N
102,2023-03-19,-
103,2023-03-19,N
104,2023-03-19,N
105,2023-03-19,N
106,2023-03-19,N
107,2023-03-19,-
108,2023-03-19,N
109,2023-03-19,N
110,2023-03-19,-
111,2023-03-19,N
112,2023-03-19,N
113,2023-03-19,N
114,2023-03-19,N
115,2023-03-19,N
1,2023-03-20,N
2,2023-03-20,N
3,2023-03-20,N
4,2023-03-20,N
5,2023-03-20,N
6,2023-03-20,
7,2023-03-20,N
8,2023-03-20,N
9,2023-03-20,N
10,2023-03-20,N
11,2023-03-20,N
12,2023-03-20,N
13,2023-03-20,N
14,2023-03-20,N
15,2023-03-20,N
16,2023-03-20,-
17,2023-03-20,
18,2023-03-20,-
19,2023-03-20,N
20,2023-03-20,-
21,2023-03-20,N
22,2023-03-20,N
23,2023-03-20,N
24,2023-03-20,N
25,2023-03-20,-
26,2023-03-20,N
27,2023-03-20,-
28,2023-03-20,N
29,2023-03-20,N
30,2023-03-20,N
31,2023-03-20,N
32,2023-03-20,N
33,2023-03-20,N
34,2023-03-20,-
35,2023-03-20,N
36,2023-03-20,N
37,2023-03-20,N
38,2023-03-20,N
39,2023-03-20,N
40,2023-03-20,N
41,2023-03-20,-
42,2023-03-20,N
43,2023-03-20,N
44,2023-03-20,-
45,2023-03-20,N
46,2023-03-20,N
47,2023-03-20,-
48,2023-03-20,ND
49,2023-03-20,-
50,2023-03-20,N
51,2023-03-20,N
52,2023-03-20,N
53,2023-03-20,F
54,2023-03-20,N
55,2023-03-20,N
56,2023-03-20,N
57,2023-03-20,N
58,2023-03-20,-
59,2023-03-20,N
60,2023-03-20,N
61,2023-03-20,N
62,2023-03-20,N
63,2023-03-20,F
64,2023-03-20,N
65,2023-03-20,N
66,2023-03-20,-
67,2023-03-20,N
68,2023-03-20,N
69,2023-03-20,N
70,2023-03-20,-
71,2023-03-20,ND
72,2023-03-20,-
73,2023-03-20,N
74,2023-03-20,N
75,2023-03-20,ND
76,2023-03-20,N
77,2023-03-20,-
78,2023-03-20,N
79,2023-03-20,-
80,2023-03-20,-
81,2023-03-20,-
82,2023-03-20,N
83,2023-03-20,ND
84,2023-03-20,-
85,2023-03-20,N
86,2023-03-20,N
87,2023-03-20,N
88,2023-03-20,N
89,2023-03-20,-
90,2023-03-20,N
91,2023-03-20,-
92,2023-03-20,N
93,2023-03-20,N
94,2023-03-20,N
95,2023-03-20,F
96,2023-03-20,N
97,2023-03-20,N
98,2023-03-20,N
99,2023-03-20,N
100,2023-03-20,N
101,2023-03-20,N
102,2023-03-20,-
103,2023-03-20,N
104,2023-03-20,ND
105,2023-03-20,N
106,2023-03-20,N
107,2023-03-20,-
108,2023-03-20,N
109,2023-03-20,ND
110,2023-03-20,-
111,2023-03-20,N
112,2023-03-20,N
113,2023-03-20,N
114,2023-03-20,N
115,2023-03-20,N
1,2023-03-21,
2,2023-03-21,
3,2023-03-21,
4,2023-03-21,
5,2023-03-21,
6,2023-03-21,
7,2023-03-21,
8,2023-03-21,
9,2023-03-21,
10,2023-03-21,
11,2023-03-21,
12,2023-03-21,
13,2023-03-21,
14,2023-03-21,
15,2023-03-21,
16,2023-03-21,-
17,2023-03-21,
18,2023-03-21,-
19,2023-03-21,
20,2023-03-21,-
21,2023-03-21,
22,2023-03-21,
23,2023-03-21,
24,2023-03-21,
25,2023-03-21,-
26,2023-03-21,
27,2023-03-21,-
28,2023-03-21,ND
29,2023-03-21,
30,2023-03-21,
31,2023-03-21,
32,2023-03-21,ND
33,2023-03-21,ND
34,2023-03-21,-
35,2023-03-21,
36,2023-03-21,
37,2023-03-21,
38,2023-03-21,
39,2023-03-21,
40,2023-03-21,ND
41,2023-03-21,-
42,2023-03-21,
43,2023-03-21,
44,2023-03-21,-
45,2023-03-21,
46,2023-03-21,
47,2023-03-21,-
48,2023-03-21,-
49,2023-03-21,-
50,2023-03-21,
51,2023-03-21,ND
52,2023-03-21,
53,2023-03-21,
54,2023-03-21,
55,2023-03-21,
56,2023-03-21,
57,2023-03-21,
58,2023-03-21,-
59,2023-03-21,-
60,2023-03-21,
61,2023-03-21,
62,2023-03-21,
63,2023-03-21,
64,2023-03-21,
65,2023-03-21,
66,2023-03-21,-
67,2023-03-21,ND
68,2023-03-21,
69,2023-03-21,
70,2023-03-21,-
71,2023-03-21,-
72,2023-03-21,-
73,2023-03-21,
74,2023-03-21,
75,2023-03-21,-
76,2023-03-21,
77,2023-03-21,-
78,2023-03-21,
79,2023-03-21,-
80,2023-03-21,-
81,2023-03-21,-
82,2023-03-21,
83,2023-03-21,-
84,2023-03-21,-
85,2023-03-21,
86,2023-03-21,
87,2023-03-21,
88,2023-03-21,
89,2023-03-21,-
90,2023-03-21,
91,2023-03-21,-
92,2023-03-21,
93,2023-03-21,
94,2023-03-21,
95,2023-03-21,
96,2023-03-21,
97,2023-03-21,
98,2023-03-21,
99,2023-03-21,
100,2023-03-21,
101,2023-03-21,
102,2023-03-21,-
103,2023-03-21,
104,2023-03-21,-
105,2023-03-21,
106,2023-03-21,
107,2023-03-21,-
108,2023-03-21,
109,2023-03-21,-
110,2023-03-21,-
111,2023-03-21,
112,2023-03-21,
113,2023-03-21,
114,2023-03-21,
115,2023-03-21,
1,2023-03-22,N
2,2023-03-22,N
3,2023-03-22,N
4,2023-03-22,N
5,2023-03-22,N
6,2023-03-22,
7,2023-03-22,N
8,2023-03-22,N
9,2023-03-22,N
10,2023-03-22,N
11,2023-03-22,N
12,2023-03-22,N
13,2023-03-22,N
14,2023-03-22,N
15,2023-03-22,N
16,2023-03-22,-
17,2023-03-22,
18,2023-03-22,-
19,2023-03-22,N
20,2023-03-22,-
21,2023-03-22,N
22,2023-03-22,N
23,2023-03-22,N
24,2023-03-22,N
25,2023-03-22,-
26,2023-03-22,N
27,2023-03-22,-
28,2023-03-22,-
29,2023-03-22,N
30,2023-03-22,N
31,2023-03-22,N
32,2023-03-22,-
33,2023-03-22,-
34,2023-03-22,-
35,2023-03-22,N
36,2023-03-22,N
37,2023-03-22,N
38,2023-03-22,N
39,2023-03-22,N
40,2023-03-22,-
41,2023-03-22,-
42,2023-03-22,N
43,2023-03-22,N
44,2023-03-22,-
45,2023-03-22,N
46,2023-03-22,N
47,2023-03-22,-
48,2023-03-22,-
49,2023-03-22,-
50,2023-03-22,N
51,2023-03-22,-
52,2023-03-22,N
53,2023-03-22,N
54,2023-03-22,N
55,2023-03-22,N
56,2023-03-22,N
57,2023-03-22,N
58,2023-03-22,-
59,2023-03-22,-
60,2023-03-22,N
61,2023-03-22,N
62,2023-03-22,N
63,2023-03-22,N
64,2023-03-22,N
65,2023-03-22,N
66,2023-03-22,-
67,2023-03-22,-
68,2023-03-22,N
69,2023-03-22,N
70,2023-03-22,-
71,2023-03-22,-
72,2023-03-22,-
73,2023-03-22,N
74,2023-03-22,N
75,2023-03-22,-
76,2023-03-22,N
77,2023-03-22,-
78,2023-03-22,N
79,2023-03-22,-
80,2023-03-22,-
81,2023-03-22,-
82,2023-03-22,N
83,2023-03-22,-
84,2023-03-22,-
85,2023-03-22,N
86,2023-03-22,N
87,2023-03-22,N
88,2023-03-22,N
89,2023-03-22,-
90,2023-03-22,N
91,2023-03-22,-
92,2023-03-22,N
93,2023-03-22,N
94,2023-03-22,N
95,2023-03-22,N
96,2023-03-22,N
97,2023-03-22,N
98,2023-03-22,N
99,2023-03-22,N
100,2023-03-22,N
101,2023-03-22,N
102,2023-03-22,-
103,2023-03-22,N
104,2023-03-22,-
105,2023-03-22,N
106,2023-03-22,N
107,2023-03-22,-
108,2023-03-22,N
109,2023-03-22,-
110,2023-03-22,-
111,2023-03-22,N
112,2023-03-22,N
113,2023-03-22,N
114,2023-03-22,N
115,2023-03-22,N
1,2023-03-23,N
2,2023-03-23,N
3,2023-03-23,N
4,2023-03-23,N
5,2023-03-23,N
6,2023-03-23,
7,2023-03-23,N
8,2023-03-23,N
9,2023-03-23,N
10,2023-03-23,N
11,2023-03-23,N
12,2023-03-23,N
13,2023-03-23,N
14,2023-03-23,N
15,2023-03-23,N
16,2023-03-23,-
17,2023-03-23,
18,2023-03-23,-
19,2023-03-23,N
20,2023-03-23,-
21,2023-03-23,N
22,2023-03-23,N
23,2023-03-23,N
24,2023-03-23,N
25,2023-03-23,-
26,2023-03-23,N
27,2023-03-23,-
28,2023-03-23,-
29,2023-03-23,N
30,2023-03-23,N
31,2023-03-23,N
32,2023-03-23,-
33,2023-03-23,-
34,2023-03-23,-
35,2023-03-23,N
36,2023-03-23,N
37,2023-03-23,N
38,2023-03-23,N
39,2023-03-23,N
40,2023-03-23,-
41,2023-03-23,-
42,2023-03-23,N
43,2023-03-23,N
44,2023-03-23,-
45,2023-03-23,N
46,2023-03-23,N
47,2023-03-23,-
48,2023-03-23,-
49,2023-03-23,-
50,2023-03-23,N
51,2023-03-23,-
52,2023-03-23,N
53,2023-03-23,N
54,2023-03-23,N
55,2023-03-23,N
56,2023-03-23,N
57,2023-03-23,N
58,2023-03-23,-
59,2023-03-23,-
60,2023-03-23,N
61,2023-03-23,N
62,2023-03-23,N
63,2023-03-23,N
64,2023-03-23,N
65,2023-03-23,N
66,2023-03-23,-
67,2023-03-23,-
68,2023-03-23,N
69,2023-03-23,N
70,2023-03-23,-
71,2023-03-23,-
72,2023-03-23,-
73,2023-03-23,N
74,2023-03-23,N
75,2023-03-23,-
76,2023-03-23,N
77,2023-03-23,-
78,2023-03-23,N
79,2023-03-23,-
80,2023-03-23,-
81,2023-03-23,-
82,2023-03-23,N
83,2023-03-23,-
84,2023-03-23,-
85,2023-03-23,N
86,2023-03-23,N
87,2023-03-23,N
88,2023-03-23,N
89,2023-03-23,-
90,2023-03-23,N
91,2023-03-23,-
92,2023-03-23,N
93,2023-03-23,N
94,2023-03-23,N
95,2023-03-23,N
96,2023-03-23,N
97,2023-03-23,N
98,2023-03-23,N
99,2023-03-23,N
100,2023-03-23,N
101,2023-03-23,N
102,2023-03-23,-
103,2023-03-23,N
104,2023-03-23,-
105,2023-03-23,N
106,2023-03-23,N
107,2023-03-23,-
108,2023-03-23,N
109,2023-03-23,-
110,2023-03-23,-
111,2023-03-23,N
112,2023-03-23,N
113,2023-03-23,N
114,2023-03-23,N
115,2023-03-23,N
1,2023-03-24,N
2,2023-03-24,N
3,2023-03-24,N
4,2023-03-24,N
5,2023-03-24,N
6,2023-03-24,
7,2023-03-24,N
8,2023-03-24,N
9,2023-03-24,N
10,2023-03-24,N
11,2023-03-24,N
12,2023-03-24,N
13,2023-03-24,N
14,2023-03-24,N
15,2023-03-24,N
16,2023-03-24,-
17,2023-03-24,
18,2023-03-24,-
19,2023-03-24,N
20,2023-03-24,-
21,2023-03-24,N
22,2023-03-24,N
23,2023-03-24,N
24,2023-03-24,N
25,2023-03-24,-
26,2023-03-24,N
27,2023-03-24,-
28,2023-03-24,-
29,2023-03-24,N
30,2023-03-24,N
31,2023-03-24,N
32,2023-03-24,-
33,2023-03-24,-
34,2023-03-24,-
35,2023-03-24,N
36,2023-03-24,N
37,2023-03-24,N
38,2023-03-24,N
39,2023-03-24,N
40,2023-03-24,-
41,2023-03-24,-
42,2023-03-24,N
43,2023-03-24,N
44,2023-03-24,-
45,2023-03-24,N
46,2023-03-24,N
47,2023-03-24,-
48,2023-03-24,-
49,2023-03-24,-
50,2023-03-24,N
51,2023-03-24,-
52,2023-03-24,N
53,2023-03-24,N
54,2023-03-24,N
55,2023-03-24,N
56,2023-03-24,N
57,2023-03-24,N
58,2023-03-24,-
59,2023-03-24,-
60,2023-03-24,N
61,2023-03-24,N
62,2023-03-24,N
63,2023-03-24,N
64,2023-03-24,N
65,2023-03-24,N
66,2023-03-24,-
67,2023-03-24,-
68,2023-03-24,N
69,2023-03-24,N
70,2023-03-24,-
71,2023-03-24,-
72,2023-03-24,-
73,2023-03-24,N
74,2023-03-24,N
75,2023-03-24,-
76,2023-03-24,N
77,2023-03-24,-
78,2023-03-24,N
79,2023-03-24,-
80,2023-03-24,-
81,2023-03-24,-
82,2023-03-24,N
83,2023-03-24,-
84,2023-03-24,-
85,2023-03-24,N
86,2023-03-24,N
87,2023-03-24,N
88,2023-03-24,N
89,2023-03-24,-
90,2023-03-24,N
91,2023-03-24,-
92,2023-03-24,ND
93,2023-03-24,N
94,2023-03-24,N
95,2023-03-24,N
96,2023-03-24,N
97,2023-03-24,N
98,2023-03-24,N
99,2023-03-24,N
100,2023-03-24,N
101,2023-03-24,N
102,2023-03-24,-
103,2023-03-24,N
104,2023-03-24,-
105,2023-03-24,N
106,2023-03-24,N
107,2023-03-24,-
108,2023-03-24,N
109,2023-03-24,-
110,2023-03-24,-
111,2023-03-24,N
112,2023-03-24,N
113,2023-03-24,N
114,2023-03-24,N
115,2023-03-24,N
1,2023-03-25,N
2,2023-03-25,N
3,2023-03-25,N
4,2023-03-25,N
5,2023-03-25,N
6,2023-03-25,
7,2023-03-25,N
8,2023-03-25,N
9,2023-03-25,N
10,2023-03-25,N
11,2023-03-25,N
12,2023-03-25,N
13,2023-03-25,N
14,2023-03-25,N
15,2023-03-25,N
16,2023-03-25,-
17,2023-03-25,
18,2023-03-25,-
19,2023-03-25,N
20,2023-03-25,-
21,2023-03-25,N
22,2023-03-25,N
23,2023-03-25,N
24,2023-03-25,N
25,2023-03-25,-
26,2023-03-25,N
27,2023-03-25,-
28,2023-03-25,-
29,2023-03-25,N
30,2023-03-25,N
31,2023-03-25,N
32,2023-03-25,-
33,2023-03-25,-
34,2023-03-25,-
35,2023-03-25,N
36,2023-03-25,N
37,2023-03-25,N
38,2023-03-25,N
39,2023-03-25,N
40,2023-03-25,-
41,2023-03-25,-
42,2023-03-25,N
43,2023-03-25,N
44,2023-03-25,-
45,2023-03-25,N
46,2023-03-25,N
47,2023-03-25,-
48,2023-03-25,-
49,2023-03-25,-
50,2023-03-25,N
51,2023-03-25,-
52,2023-03-25,N
53,2023-03-25,N
54,2023-03-25,N
55,2023-03-25,N
56,2023-03-25,N
57,2023-03-25,N
58,2023-03-25,-
59,2023-03-25,-
60,2023-03-25,N
61,2023-03-25,N
62,2023-03-25,N
63,2023-03-25,N
64,2023-03-25,N
65,2023-03-25,N
66,2023-03-25,-
67,2023-03-25,-
68,2023-03-25,N
69,2023-03-25,N
70,2023-03-25,-
71,2023-03-25,-
72,2023-03-25,-
73,2023-03-25,N
74,2023-03-25,N
75,2023-03-25,-
76,2023-03-25,N
77,2023-03-25,-
78,2023-03-25,N
79,2023-03-25,-
80,2023-03-25,-
81,2023-03-25,-
82,2023-03-25,N
83,2023-03-25,-
84,2023-03-25,-
85,2023-03-25,N
86,2023-03-25,N
87,2023-03-25,N
88,2023-03-25,N
89,2023-03-25,-
90,2023-03-25,N
91,2023-03-25,-
92,2023-03-25,-
93,2023-03-25,N
94,2023-03-25,N
95,2023-03-25,N
96,2023-03-25,N
97,2023-03-25,N
98,2023-03-25,N
99,2023-03-25,N
100,2023-03-25,N
101,2023-03-25,N
102,2023-03-25,-
103,2023-03-25,N
104,2023-03-25,-
105,2023-03-25,N
106,2023-03-25,N
107,2023-03-25,-
108,2023-03-25,N
109,2023-03-25,-
110,2023-03-25,-
111,2023-03-25,N
112,2023-03-25,N
113,2023-03-25,N
114,2023-03-25,N
115,2023-03-25,N
1,2023-03-26,N
2,2023-03-26,N
3,2023-03-26,N
4,2023-03-26,ND
5,2023-03-26,N
6,2023-03-26,
7,2023-03-26,N
8,2023-03-26,N
9,2023-03-26,N
10,2023-03-26,N
11,2023-03-26,N
12,2023-03-26,N
13,2023-03-26,N
14,2023-03-26,N
15,2023-03-26,N
16,2023-03-26,-
17,2023-03-26,
18,2023-03-26,-
19,2023-03-26,N
20,2023-03-26,-
21,2023-03-26,N
22,2023-03-26,N
23,2023-03-26,N
24,2023-03-26,N
25,2023-03-26,-
26,2023-03-26,N
27,2023-03-26,-
28,2023-03-26,-
29,2023-03-26,N
30,2023-03-26,N
31,2023-03-26,N
32,2023-03-26,-
33,2023-03-26,-
34,2023-03-26,-
35,2023-03-26,N
36,2023-03-26,N
37,2023-03-26,N
38,2023-03-26,N
39,2023-03-26,N
40,2023-03-26,-
41,2023-03-26,-
42,2023-03-26,N
43,2023-03-26,N
44,2023-03-26,-
45,2023-03-26,ND
46,2023-03-26,N
47,2023-03-26,-
48,2023-03-26,-
49,2023-03-26,-
50,2023-03-26,N
51,2023-03-26,-
52,2023-03-26,N
53,2023-03-26,N
54,2023-03-26,N
55,2023-03-26,N
56,2023-03-26,N
57,2023-03-26,N
58,2023-03-26,-
59,2023-03-26,-
60,2023-03-26,N
61,2023-03-26,N
62,2023-03-26,N
63,2023-03-26,N
64,2023-03-26,N
65,2023-03-26,ND
66,2023-03-26,-
67,2023-03-26,-
68,2023-03-26,N
69,2023-03-26,ND
70,2023-03-26,-
71,2023-03-26,-
72,2023-03-26,-
73,2023-03-26,N
74,2023-03-26,N
75,2023-03-26,-
76,2023-03-26,N
77,2023-03-26,-
78,2023-03-26,ND
79,2023-03-26,-
80,2023-03-26,-
81,2023-03-26,-
82,2023-03-26,N
83,2023-03-26,-
84,2023-03-26,-
85,2023-03-26,N
86,2023-03-26,ND
87,2023-03-26,N
88,2023-03-26,N
89,2023-03-26,-
90,2023-03-26,N
91,2023-03-26,-
92,2023-03-26,-
93,2023-03-26,N
94,2023-03-26,N
95,2023-03-26,N
96,2023-03-26,N
97,2023-03-26,N
98,2023-03-26,N
99,2023-03-26,N
100,2023-03-26,ND
101,2023-03-26,ND
102,2023-03-26,-
103,2023-03-26,N
104,2023-03-26,-
105,2023-03-26,N
106,2023-03-26,N
107,2023-03-26,-
108,2023-03-26,ND
109,2023-03-26,-
110,2023-03-26,-
111,2023-03-26,N
112,2023-03-26,N
113,2023-03-26,ND
114,2023-03-26,N
115,2023-03-26,N
1,2023-03-27,N
2,2023-03-27,ND
3,2023-03-27,N
4,2023-03-27,-
5,2023-03-27,N
6,2023-03-27,-
7,2023-03-27,N
8,2023-03-27,N
9,2023-03-27,N
10,2023-03-27,ND
11,2023-03-27,ND
12,2023-03-27,N
13,2023-03-27,ND
14,2023-03-27,N
15,2023-03-27,ND
16,2023-03-27,-
17,2023-03-27,-
18,2023-03-27,-
19,2023-03-27,N
20,2023-03-27,-
21,2023-03-27,N
22,2023-03-27,N
23,2023-03-27,N
24,2023-03-27,N
25,2023-03-27,-
26,2023-03-27,N
27,2023-03-27,-
28,2023-03-27,-
29,2023-03-27,N
30,2023-03-27,N
31,2023-03-27,ND
32,2023-03-27,-
33,2023-03-27,-
34,2023-03-27,-
35,2023-03-27,N
36,2023-03-27,N
37,2023-03-27,N
38,2023-03-27,N
39,2023-03-27,ND
40,2023-03-27,-
41,2023-03-27,-
42,2023-03-27,N
43,2023-03-27,N
44,2023-03-27,-
45,2023-03-27,-
46,2023-03-27,N
47,2023-03-27,-
48,2023-03-27,-
49,2023-03-27,-
50,2023-03-27,N
51,2023-03-27,-
52,2023-03-27,N
53,2023-03-27,N
54,2023-03-27,N
55,2023-03-27,N
56,2023-03-27,N
57,2023-03-27,N
58,2023-03-27,-
59,2023-03-27,-
60,2023-03-27,N
61,2023-03-27,N
62,2023-03-27,N
63,2023-03-27,N
64,2023-03-27,ND
65,2023-03-27,-
66,2023-03-27,-
67,2023-03-27,-
68,2023-03-27,N
69,2023-03-27,-
70,2023-03-27,-
71,2023-03-27,-
72,2023-03-27,-
73,2023-03-27,N
74,2023-03-27,ND
75,2023-03-27,-
76,2023-03-27,ND
77,2023-03-27,-
78,2023-03-27,-
79,2023-03-27,-
80,2023-03-27,-
81,2023-03-27,-
82,2023-03-27,N
83,2023-03-27,-
84,2023-03-27,-
85,2023-03-27,N
86,2023-03-27,-
87,2023-03-27,N
88,2023-03-27,N
89,2023-03-27,-
90,2023-03-27,N
91,2023-03-27,-
92,2023-03-27,-
93,2023-03-27,N
94,2023-03-27,N
95,2023-03-27,N
96,2023-03-27,N
97,2023-03-27,N
98,2023-03-27,N
99,2023-03-27,N
100,2023-03-27,-
101,2023-03-27,-
102,2023-03-27,-
103,2023-03-27,N
104,2023-03-27,-
105,2023-03-27,N
106,2023-03-27,N
107,2023-03-27,-
108,2023-03-27,-
109,2023-03-27,-
110,2023-03-27,-
111,2023-03-27,N
112,2023-03-27,ND
113,2023-03-27,-
114,2023-03-27,N
115,2023-03-27,N
1,2023-03-28,N
2,2023-03-28,-
3,2023-03-28,N
4,2023-03-28,-
5,2023-03-28,N
6,2023-03-28,-
7,2023-03-28,N
8,2023-03-28,N
9,2023-03-28,N
10,2023-03-28,-
11,2023-03-28,-
12,2023-03-28,ND
13,2023-03-28,-
14,2023-03-28,N
15,2023-03-28,-
16,2023-03-28,-
17,2023-03-28,-
18,2023-03-28,-
19,2023-03-28,N
20,2023-03-28,-
21,2023-03-28,N
22,2023-03-28,N
23,2023-03-28,N
24,2023-03-28,N
25,2023-03-28,-
26,2023-03-28,N
27,2023-03-28,-
28,2023-03-28,-
29,2023-03-28,N
30,2023-03-28,N
31,2023-03-28,-
32,2023-03-28,-
33,2023-03-28,-
34,2023-03-28,-
35,2023-03-28,N
36,2023-03-28,N
37,2023-03-28,N
38,2023-03-28,ND
39,2023-03-28,-
40,2023-03-28,-
41,2023-03-28,-
42,2023-03-28,N
43,2023-03-28,N
44,2023-03-28,-
45,2023-03-28,-
46,2023-03-28,N
47,2023-03-28,-
48,2023-03-28,-
49,2023-03-28,-
50,2023-03-28,ND
51,2023-03-28,-
52,2023-03-28,N
53,2023-03-28,N
54,2023-03-28,N
55,2023-03-28,N
56,2023-03-28,N
57,2023-03-28,N
58,2023-03-28,-
59,2023-03-28,-
60,2023-03-28,N
61,2023-03-28,N
62,2023-03-28,N
63,2023-03-28,F
64,2023-03-28,-
65,2023-03-28,-
66,2023-03-28,-
67,2023-03-28,-
68,2023-03-28,N
69,2023-03-28,-
70,2023-03-28,-
71,2023-03-28,-
72,2023-03-28,-
73,2023-03-28,N
74,2023-03-28,-
75,2023-03-28,-
76,2023-03-28,-
77,2023-03-28,-
78,2023-03-28,-
79,2023-03-28,-
80,2023-03-28,-
81,2023-03-28,-
82,2023-03-28,N
83,2023-03-28,-
84,2023-03-28,-
85,2023-03-28,N
86,2023-03-28,-
87,2023-03-28,N
88,2023-03-28,N
89,2023-03-28,-
90,2023-03-28,N
91,2023-03-28,-
92,2023-03-28,-
93,2023-03-28,N
94,2023-03-28,N
95,2023-03-28,N
96,2023-03-28,N
97,2023-03-28,N
98,2023-03-28,N
99,2023-03-28,N
100,2023-03-28,-
101,2023-03-28,-
102,2023-03-28,-
103,2023-03-28,ND
104,2023-03-28,-
105,2023-03-28,ND
106,2023-03-28,N
107,2023-03-28,-
108,2023-03-28,-
109,2023-03-28,-
110,2023-03-28,-
111,2023-03-28,N
112,2023-03-28,-
113,2023-03-28,-
114,2023-03-28,N
115,2023-03-28,N
1,2023-03-29,N
2,2023-03-29,
3,2023-03-29,N
4,2023-03-29,
5,2023-03-29,N
6,2023-03-29,
7,2023-03-29,ND
8,2023-03-29,N
9,2023-03-29,N
10,2023-03-29,
11,2023-03-29,
12,2023-03-29,
13,2023-03-29,
14,2023-03-29,ND
15,2023-03-29,
16,2023-03-29,
17,2023-03-29,
18,2023-03-29,
19,2023-03-29,N
20,2023-03-29,
21,2023-03-29,N
22,2023-03-29,N
23,2023-03-29,N
24,2023-03-29,N
25,2023-03-29,
26,2023-03-29,N
27,2023-03-29,
28,2023-03-29,
29,2023-03-29,N
30,2023-03-29,N
31,2023-03-29,
32,2023-03-29,
33,2023-03-29,
34,2023-03-29,
35,2023-03-29,N
36,2023-03-29,N
37,2023-03-29,N
38,2023-03-29,
39,2023-03-29,
40,2023-03-29,
41,2023-03-29,
42,2023-03-29,N
43,2023-03-29,N
44,2023-03-29,
45,2023-03-29,
46,2023-03-29,N
47,2023-03-29,
48,2023-03-29,
49,2023-03-29,
50,2023-03-29,
51,2023-03-29,
52,2023-03-29,N
53,2023-03-29,N
54,2023-03-29,N
55,2023-03-29,N
56,2023-03-29,N
57,2023-03-29,N
58,2023-03-29,
59,2023-03-29,
60,2023-03-29,N
61,2023-03-29,N
62,2023-03-29,N
63,2023-03-29,N
64,2023-03-29,
65,2023-03-29,
66,2023-03-29,
67,2023-03-29,
68,2023-03-29,N
69,2023-03-29,
70,2023-03-29,
71,2023-03-29,
72,2023-03-29,
73,2023-03-29,N
74,2023-03-29,
75,2023-03-29,
76,2023-03-29,
77,2023-03-29,
78,2023-03-29,
79,2023-03-29,
80,2023-03-29,
81,2023-03-29,
82,2023-03-29,ND
83,2023-03-29,
84,2023-03-29,
85,2023-03-29,N
86,2023-03-29,
87,2023-03-29,N
88,2023-03-29,N
89,2023-03-29,
90,2023-03-29,N
91,2023-03-29,
92,2023-03-29,
93,2023-03-29,N
94,2023-03-29,N
95,2023-03-29,N
96,2023-03-29,ND
97,2023-03-29,N
98,2023-03-29,N
99,2023-03-29,N
100,2023-03-29,
101,2023-03-29,
102,2023-03-29,
103,2023-03-29,
104,2023-03-29,
105,2023-03-29,
106,2023-03-29,N
107,2023-03-29,
108,2023-03-29,
109,2023-03-29,
110,2023-03-29,
111,2023-03-29,N
112,2023-03-29,
113,2023-03-29,
114,2023-03-29,N
115,2023-03-29,N
1,2023-03-30,N
2,2023-03-30,
3,2023-03-30,N
4,2023-03-30,
5,2023-03-30,N
6,2023-03-30,
7,2023-03-30,
8,2023-03-30,N
9,2023-03-30,N
10,2023-03-30,
11,2023-03-30,
12,2023-03-30,
13,2023-03-30,
14,2023-03-30,
15,2023-03-30,
16,2023-03-30,
17,2023-03-30,
18,2023-03-30,
19,2023-03-30,N
20,2023-03-30,
21,2023-03-30,N
22,2023-03-30,N
23,2023-03-30,N
24,2023-03-30,ND
25,2023-03-30,
26,2023-03-30,N
27,2023-03-30,
28,2023-03-30,
29,2023-03-30,N
30,2023-03-30,N
31,2023-03-30,
32,2023-03-30,
33,2023-03-30,
34,2023-03-30,
35,2023-03-30,N
36,2023-03-30,N
37,2023-03-30,N
38,2023-03-30,
39,2023-03-30,
40,2023-03-30,
41,2023-03-30,
42,2023-03-30,N
43,2023-03-30,N
44,2023-03-30,
45,2023-03-30,
46,2023-03-30,ND
47,2023-03-30,
48,2023-03-30,
49,2023-03-30,
50,2023-03-30,
51,2023-03-30,
52,2023-03-30,N
53,2023-03-30,ND
54,2023-03-30,N
55,2023-03-30,N
56,2023-03-30,N
57,2023-03-30,N
58,2023-03-30,
59,2023-03-30,
60,2023-03-30,N
61,2023-03-30,N
62,2023-03-30,N
63,2023-03-30,N
64,2023-03-30,
65,2023-03-30,
66,2023-03-30,
67,2023-03-30,
68,2023-03-30,N
69,2023-03-30,
70,2023-03-30,
71,2023-03-30,
72,2023-03-30,
73,2023-03-30,N
74,2023-03-30,
75,2023-03-30,
76,2023-03-30,
77,2023-03-30,
78,2023-03-30,
79,2023-03-30,
80,2023-03-30,
81,2023-03-30,
82,2023-03-30,
83,2023-03-30,
84,2023-03-30,
85,2023-03-30,N
86,2023-03-30,
87,2023-03-30,ND
88,2023-03-30,N
89,2023-03-30,
90,2023-03-30,N
91,2023-03-30,
92,2023-03-30,
93,2023-03-30,ND
94,2023-03-30,N
95,2023-03-30,N
96,2023-03-30,
97,2023-03-30,N
98,2023-03-30,N
99,2023-03-30,N
100,2023-03-30,
101,2023-03-30,
102,2023-03-30,
103,2023-03-30,
104,2023-03-30,
105,2023-03-30,
106,2023-03-30,N
107,2023-03-30,
108,2023-03-30,
109,2023-03-30,
110,2023-03-30,
111,2023-03-30,N
112,2023-03-30,
113,2023-03-30,
114,2023-03-30,N
115,2023-03-30,N
